Lane,Band 1 (frac),Band 1 (signal)
1,1.0,32.59546807049668
2,1.0,17.718226901655605